<?xml version="1.0" encoding="UTF-8"?>
<root>
  <item name="com.goprocessing.gopay.goBean.GoPayConfig void setStoreOneClickHash(int) 0">
    <annotation name="android.support.annotation.IntDef">
      <val name="value" val="{com.goprocessing.gopay.goBean.GoPayConfig.STOREONECLICKHASH_MODE_NONE, com.goprocessing.gopay.goBean.GoPayConfig.STOREONECLICKHASH_MODE_SERVER}" />
    </annotation>
  </item>
  <item name="com.goprocessing.gopay.goBean.GoPayConfig void setSurePayMode(int) 0">
    <annotation name="android.support.annotation.IntDef">
      <val name="value" val="{com.goprocessing.gopay.goBean.GoPayConfig.WARN_MODE, com.goprocessing.gopay.goBean.GoPayConfig.FAIL_MODE}" />
    </annotation>
  </item>
  <item name="com.goprocessing.gopay.goBean.GoPayConfig.SnoozeMode">
    <annotation name="android.support.annotation.IntDef">
      <val name="value" val="{com.goprocessing.gopay.goBean.GoPayConfig.WARN_MODE, com.goprocessing.gopay.goBean.GoPayConfig.FAIL_MODE}" />
    </annotation>
  </item>
  <item name="com.goprocessing.gopay.goBean.GoPayConfig.StoreOneClickHashMode">
    <annotation name="android.support.annotation.IntDef">
      <val name="value" val="{com.goprocessing.gopay.goBean.GoPayConfig.STOREONECLICKHASH_MODE_NONE, com.goprocessing.gopay.goBean.GoPayConfig.STOREONECLICKHASH_MODE_SERVER}" />
    </annotation>
  </item>
</root>

