<?xml version="1.0" encoding="UTF-8"?>
<root>
  <item name="com.truecaller.android.sdk.TrueError TrueError(int) 0">
    <annotation name="android.support.annotation.IntDef">
      <val name="value" val="{com.truecaller.android.sdk.TrueError.ERROR_TYPE_INTERNAL, com.truecaller.android.sdk.TrueError.ERROR_TYPE_NETWORK, com.truecaller.android.sdk.TrueError.ERROR_TYPE_USER_DENIED, com.truecaller.android.sdk.TrueError.ERROR_TYPE_UNAUTHORIZED_PARTNER, com.truecaller.android.sdk.TrueError.ERROR_TYPE_UNAUTHORIZED_USER, com.truecaller.android.sdk.TrueError.ERROR_TYPE_TRUECALLER_CLOSED_UNEXPECTEDLY, com.truecaller.android.sdk.TrueError.ERROR_TYPE_TRUESDK_TOO_OLD, com.truecaller.android.sdk.TrueError.ERROR_TYPE_POSSIBLE_REQ_CODE_COLLISION, com.truecaller.android.sdk.TrueError.ERROR_TYPE_RESPONSE_SIGNATURE_MISMATCH, com.truecaller.android.sdk.TrueError.ERROR_TYPE_REQUEST_NONCE_MISMATCH, com.truecaller.android.sdk.TrueError.ERROR_TYPE_INVALID_ACCOUNT_STATE}" />
    </annotation>
  </item>
  <item name="com.truecaller.android.sdk.TrueError int getErrorType()">
    <annotation name="android.support.annotation.IntDef">
      <val name="value" val="{com.truecaller.android.sdk.TrueError.ERROR_TYPE_INTERNAL, com.truecaller.android.sdk.TrueError.ERROR_TYPE_NETWORK, com.truecaller.android.sdk.TrueError.ERROR_TYPE_USER_DENIED, com.truecaller.android.sdk.TrueError.ERROR_TYPE_UNAUTHORIZED_PARTNER, com.truecaller.android.sdk.TrueError.ERROR_TYPE_UNAUTHORIZED_USER, com.truecaller.android.sdk.TrueError.ERROR_TYPE_TRUECALLER_CLOSED_UNEXPECTEDLY, com.truecaller.android.sdk.TrueError.ERROR_TYPE_TRUESDK_TOO_OLD, com.truecaller.android.sdk.TrueError.ERROR_TYPE_POSSIBLE_REQ_CODE_COLLISION, com.truecaller.android.sdk.TrueError.ERROR_TYPE_RESPONSE_SIGNATURE_MISMATCH, com.truecaller.android.sdk.TrueError.ERROR_TYPE_REQUEST_NONCE_MISMATCH, com.truecaller.android.sdk.TrueError.ERROR_TYPE_INVALID_ACCOUNT_STATE}" />
    </annotation>
  </item>
</root>

